Название,цена,ссылка
Подвесной светильник Layham,19 790,https://divan.ru/product/podvesnoj-svetilnik-layham
Подвесной светильник Townshend-4,15 390,https://divan.ru/product/podvesnoj-svetilnik-townshend-4
Подвесной светильник Milligan,5490,https://divan.ru/product/podvesnoj-svetilnik-milligan
Подвесной светильник Chieveley,18 690,https://divan.ru/product/podvesnoj-svetilnik-chieveley
Подвесной светильник Tureis,3390,https://divan.ru/product/podvesnoj-svetilnik-tureis
Бра Aqua-Bolla,2190,https://divan.ru/product/bra-aqua-bolla
Подвесной светильник Volare-1,4320,https://divan.ru/product/podvesnoj-svetilnik-volare-1
Бра Bolla-Unica,5290,https://divan.ru/product/bra-bolla-unica
Светильник потолочный Matthew,4990,https://divan.ru/product/svetilnik-potolochnyj-matthew
Бра Galdakao-1,6590,https://divan.ru/product/bra-galdakao
Подвесной светильник Moderli Brizzi-2,7890,https://divan.ru/product/podvesnoj-svetilnik-moderli-brizzi-2
Подвесной светильник Moderli Lewes,14 390,https://divan.ru/product/podvesnoj-svetilnik-moderli-lewes
Подвесной светильник Moderli Libre,5590,https://divan.ru/product/podvesnoj-svetilnik-moderli-libre
Бра Tarbes-2,3290,https://divan.ru/product/bra-tarbes-2
Подвесной светильник Moderli Host-2,13 790,https://divan.ru/product/podvesnoj-svetilnik-moderli-host-2
Подвесной светильник Moderli Alina,9490,https://divan.ru/product/podvesnoj-svetilnik-moderli-alina
Бра Moderli Birds-2,14 890,https://divan.ru/product/bra-moderli-birds-2
Подвесной светильник Moderli Martin-2,15 990,https://divan.ru/product/podvesnoj-svetilnik-moderli-martin-2
Подвесной светильник Moderli Arya-2,8390,https://divan.ru/product/podvesnoj-svetilnik-moderli-arya-2
Бра Moderli Alina,3390,https://divan.ru/product/bra-moderli-alina
Подвесной светильник Narices,9290,https://divan.ru/product/podvesnoj-svetilnik-narices
Подвесной светильник Moderli Martin-1,6990,https://divan.ru/product/podvesnoj-svetilnik-moderli-martin-1
Подвесной светильник Narices-1,26 390,https://divan.ru/product/podvesnoj-svetilnik-narices-1
Подвесной светильник Moderli Host-1,6890,https://divan.ru/product/podvesnoj-svetilnik-moderli-host-1
Подвесной светильник Даклин White,3990,https://divan.ru/product/podvesnoj-svetilnik-daklin-white
Спот Лима-1 Black,2490,https://divan.ru/product/spot-lima-1-black
Подвесной светильник Moderli Zoe-2,8890,https://divan.ru/product/podvesnoj-svetilnik-moderli-zoe-2
Подвесной светильник Эдли Beige,29 690,https://divan.ru/product/podvesnoj-svetilnik-edli-beige
Спот Минки-1 White,1390,https://divan.ru/product/spot-minki-1-white
Спот Минки Grey,1190,https://divan.ru/product/spot-minki-grey
Бра Moderli Birds-1,9990,https://divan.ru/product/bra-moderli-birds-1
Бра Lubenham,7690,https://divan.ru/product/bra-lubenham
Подвесной светильник Volare,3990,https://divan.ru/product/podvesnoj-svetilnik-volare
Подвесной светильник Milligan-1,16 490,https://divan.ru/product/podvesnoj-svetilnik-milligan-1
Подвесной светильник Вьено-5 Black,12 390,https://divan.ru/product/podvesnoj-svetilnik-veno-5-black
Подвесной светильник Минки-2 Black,3090,https://divan.ru/product/podvesnoj-svetilnik-minki-2-black
Бра Tarbes-1,5790,https://divan.ru/product/bra-tarbes-1
Подвесной светильник Маро Green,11 690,https://divan.ru/product/podvesnoj-svetilnik-maro-green
Спот Дьюк White,2549,https://divan.ru/product/spot-dyuk-white
Подвесной светильник Альби Black,990,https://divan.ru/product/podvesnoj-svetilnik-albi-black
Спот Минки-2 Brown,1790,https://divan.ru/product/spot-minki-2-brown
Спот Минки-1 Grey,1390,https://divan.ru/product/spot-minki-1-grey
Светильник потолочный Банджи White,7990,https://divan.ru/product/svetilnik-potolochnyj-bandji-white
Спот Минки White,1190,https://divan.ru/product/spot-minki-white
Подвесной светильник Кэндел White,1990,https://divan.ru/product/podvesnoj-svetilnik-kendel-white
Спот Минки-2 Grey,1690,https://divan.ru/product/spot-minki-2-grey
Бра Варио Black,790,https://divan.ru/product/bra-vario-black
Спот Олден White,1290,https://divan.ru/product/spot-olden-white
